ID;Idõbélyeg;Birth_date;highest_completed_level_of_education;Specialization;Sex;Corporate_finance_grade;Financial_calculation_grade;SFM;relative_finanacial_situation_before_final_examination;relative_finanacial_situation_before_final_examination_categories;residence_before_final_examination;parents_highest_completed_level_of_education;relative_finanacial_situation_now;relative_finanacial_situation_now_categories;residence_before_covid;residence_before_covid_categories;Working_dummy;working_hours;working_hours_categories;monthly_netincome;monthly_expenditure_without_housing;Msc_plan;foreign_country_in_five_years;expected_netincome_in_ten_years;children_plan;arbitrage_definition_dummy;dynamic_static_arbitrage_dummy;arbitrage_calculation_task dummy;Compensation_note_arbitrage_just_before_regime_change_dummy;Compensation_note_efficient_market_hypothesis_dummy;Compensation_note_arbitrage_not_worth_dummy;Compensation_note_not_ethical_dummy;Compensation_note_preferably_study_dummy;Compensation_note_economist_dummy;0-1;Risk;13.dec;Present bias (?);Present bias (?) 3 categories;max_amount_studentloan1_dummy;max_amount_studentloan1;interest_studentloan1_dummy;interest_studentloan1;studentloan_family_support;studentloan_family_support_mother;arbitrage_return_studentloan_MAP_dummy;interest_MAP_dummy;interest_MAP;underestimation_of_arbitrage_profit;overestimation_of_arbitrage_profit;borrowing_student_loan;Studentloan_Investment_Government_bonds_dummy;Studentloan_Investment_Risky_Asset_dummy;Studentloan_using_Other_dummy;Parent_support_dummy;No_information_studentloan_dummy;No_information_government_bonds_dummy;Dont_understand_taking_out_student loan1_investing_government_bonds_dummy;No_arbitrage_risky_uncertain_dummy;taking_out_studentloan_very_complicated_dummy;buying_government_bonds_very_complicated_dummy;time_is_more_valuable_dummy;forgetting_dummy;preferable_spend_time_university_dummy;preferable_spend_time_career_work_dummy;preferable_spend_time_private_life_dummy;preferable_investing_risky_assets_dummy;arbitrage_not_ethical_dummy;studentloan_arbitrage_not_ethical_dummy;refuse_to_borrow_dummy;no_indebtness_dummy;heard_negatives_about_studentloans_dummy;no_investing_in_government_bonds_dummy;no_family_support_taking_out_and_investing_studentloan_dummy;no_friend_support_taking_out_and_investing_studentloan_dummy;Plan_taking_out_studentloan_investing_dummy
1;44338.9409;1998;gimnáziumi érettségi;Finance;female;3;4;Igen;inkább jó;good;Fõváros;fõiskola / BA / BSc;inkább jó;good;szülõkkel (vagy egyik szülõvel) otthon;szülõkkel;1;40;Full time job;140000;30000;1;Külföldön;800000;0;0;1;0;1;1;0;0;1;0;0.85106383;5;0.980392157;0.868085106;present-biased;0;700000;1;2;1;1;0;0;03.jan;1;0;0;;;;;0;0;0;0;0;0;0;0;0;0;0;0;0;0;1;1;0;1;1;0;0
2;44338.9431;1999;gimnáziumi érettségi;Finance;female;4;4;Nem;inkább jó;good;Község. nagyközség;"érettségit követõ. felsõfokra nem akkreditált szakképzés; középfokú technikum";inkább jó;good;külön albérletben;egyéb;1;4;Part time job;16800;35000;0;Magyarországon;400000;2;1;0;1;1;1;1;1;1;0;0.963855422;0.5;0.930232558;1.036144578;future-biased;0;500000;0;08.máj;0;0;0;1;5;0;1;0;;;;;0;0;1;1;1;1;0;0;0;0;0;0;0;0;1;1;0;0;1;1;0
3;44338.94455;1999;gimnáziumi érettségi;Finance;female;5;5;Nem;inkább jó;good;Többi város;"érettségit követõ. felsõfokra nem akkreditált szakképzés; középfokú technikum";inkább jó;good;kollégiumban;kollégiumban;1;20;Part time job;90000;50000;1;Magyarországon;450000;2;1;1;1;0;0;0;0;0;0;0.512820513;5;0.898876404;0.570512821;present-biased;0;500000;1;2;0;1;1;0;8;0;0;0;;;;;0;1;0;0;0;0;0;0;1;1;0;0;0;0;0;0;0;0;1;1;0
4;44338.94738;1999;gimnáziumi érettségi;Finance;female;5;2;Nem;inkább jó;good;Többi város;egyetem / MA / MSc;inkább jó;good;külön saját lakásban;egyéb;0;0;Not working;0;50000;1;Külföldön;600000;több. mint 3;0;1;0;0;1;0;0;0;1;0.720720721;6;0.720720721;1;time-consistent;0;500000;0;4;0;0;1;0;3;0;0;0;;;;;0;0;1;0;0;0;1;0;1;1;1;0;0;0;1;1;0;0;0;0;0
5;44338.94764;2000;gimnáziumi érettségi;Finance;female;4;5;Igen;inkább jó;good;Többi város;fõiskola / BA / BSc;inkább jó;good;kollégiumban;kollégiumban;0;0;Not working;0;40000;1;Külföldön;500000;1;1;0;0;0;0;0;1;0;1;0.980392157;0;0.980392157;1;time-consistent;1;750000;1;1.99;0;1;0;0;4;1;0;1;0;1;1;1;;;;;;;;;;;;;;;;;;;;;
6;44338.95082;2000;gimnáziumi érettségi;Finance;female;5;5;Nem;inkább jó;good;Többi város;egyetem / MA / MSc;inkább jó;good;külön saját lakásban;egyéb;0;0;Not working;0;50000;1;Magyarországon;500000;2;0;1;0;1;0;0;0;1;0;0.980392157;1;0.963855422;1.017156863;future-biased;0;600000;0;6;0;0;0;0;6;0;0;0;;;;;1;1;0;1;1;0;1;1;0;0;0;1;0;0;1;1;1;0;1;1;0
7;44338.9541;1998;gimnáziumi érettségi;Finance;female;5;4;Nem;inkább jó;good;Fõváros;fõiskola / BA / BSc;inkább jó;good;szülõkkel (vagy egyik szülõvel) otthon;szülõkkel;0;0;Not working;0;40000;1;Magyarországon;450000;2;1;1;1;1;1;1;1;1;0;0.930232558;3;0.898876404;1.034883721;future-biased;0;500000;0;6;0;0;0;0;10;1;0;0;;;;;1;1;1;0;1;1;0;0;1;0;1;0;0;0;1;1;1;0;0;0;0
8;44338.95429;1995;fõiskola / BA / BSc;Finance;male;4;4;Nem;inkább jó;good;Megyeszékhely;"akkreditált felsõfokú szakképzés; felsõfokú technikum";inkább rossz;bad;külön albérletben;egyéb;1;20;Part time job;85000;85000;1;Magyarországon;400000;2;0;0;0;1;1;0;1;1;0;0.465116279;10;0.5;0.930232558;present-biased;1;750000;1;1.99;1;1;0;0;6;0;1;1;0;0;1;1;;;;;;;;;;;;;;;;;;;;;
9;44338.95519;1996;"érettségit követõ. felsõfokra nem akkreditált szakképzés; középfokú technikum";Finance;female;3;3;Nem;nagyon jó;good;Többi város;doktori / PhD;inkább jó;good;szülõkkel (vagy egyik szülõvel) otthon;szülõkkel;1;20;Part time job;100000;20000;1;Magyarországon;500000;3;0;0;0;1;0;0;1;0;1;0.824742268;5;0.808080808;1.020618557;future-biased;1;750000;1;1.99;1;1;1;1;5;0;0;0;;;;;0;0;0;0;1;0;1;0;0;1;1;0;1;1;1;1;0;1;1;0;1
10;44338.95553;1999;gimnáziumi érettségi;Finance;female;2;4;Nem;inkább jó;good;Megyeszékhely;fõiskola / BA / BSc;inkább jó;good;kollégiumban;kollégiumban;0;0;Not working;0;20000;1;Külföldön;500000;nem tudom;1;0;0;0;1;1;1;1;0;0.930232558;1;0.930232558;1;time-consistent;0;200000;0;4;1;1;1;0;10;0;0;0;;;;;1;0;0;0;0;1;0;0;0;0;0;0;0;0;1;1;0;0;0;0;0
11;44338.96725;1999;gimnáziumi érettségi;Finance;male;5;5;Igen;nagyon jó;good;Fõváros;egyetem / MA / MSc;nagyon jó;good;szülõkkel (vagy egyik szülõvel) otthon;szülõkkel;1;24;Full time job;130000;90000;1;Magyarországon;800000;2;0;1;0;1;0;0;0;0;1;0.963855422;5;0.963855422;1;time-consistent;0;2000000;0;0;0;1;0;1;5;1;0;1;1;0;0;1;;;;;;;;;;;;;;;;;;;;;
12;44338.9716;1999;gimnáziumi érettségi;Accounting;male;3;5;Nem;nagyon jó;good;Megyeszékhely;fõiskola / BA / BSc;nagyon jó;good;külön saját lakásban;egyéb;0;0;Not working;0;25000;1;Magyarországon;800000;2;0;1;0;0;0;0;0;0;0;0.930232558;0;0.930232558;1;time-consistent;0;500000;0;4;0;0;0;1;09.ápr;1;0;0;;;;;1;0;0;0;0;0;0;0;0;0;0;0;0;0;0;0;1;0;1;1;1
13;44338.97313;1998;gimnáziumi érettségi;Finance;male;3;4;Igen;inkább jó;good;Fõváros;"akkreditált felsõfokú szakképzés; felsõfokú technikum";inkább jó;good;szülõkkel (vagy egyik szülõvel) otthon;szülõkkel;1;40;Full time job;292000;200000;1;Külföldön;1200000;nem tudom;0;1;0;1;0;0;0;0;0;0.980392157;10;0.980392157;1;time-consistent;1;750000;1;2;0;0;0;1;5;0;0;0;;;;;0;0;0;1;0;0;0;0;0;0;0;1;0;0;0;0;0;1;0;0;1
14;44338.97367;1997;"szakközépiskolai érettségi; szakképzést követõ érettségi";Finance;female;4;5;Nem;inkább jó;good;Többi város;fõiskola / BA / BSc;inkább jó;good;külön albérletben;egyéb;1;25;Full time job;100000;90000;1;Külföldön;1500000;nem tudom;1;1;0;1;0;0;1;0;1;0.898876404;0;0.898876404;1;time-consistent;0;200000;1;2;1;0;0;1;5;1;0;0;;;;;0;0;0;0;1;0;0;0;0;1;0;0;0;0;1;1;0;0;0;0;0
15;44338.97447;1998;gimnáziumi érettségi;Finance;male;5;5;Nem;inkább jó;good;Fõváros;fõiskola / BA / BSc;inkább jó;good;szülõkkel (vagy egyik szülõvel) otthon;szülõkkel;1;32;Full time job;146500;40000;1;Magyarországon;800000;2;1;1;0;1;0;1;0;0;0;0.980392157;5;0.784313725;25.jan;future-biased;0;500000;0;5;0;0;0;1;5;1;0;0;;;;;0;0;0;0;1;0;0;0;1;0;1;1;0;0;0;0;0;0;0;0;1
16;44338.97502;1999;gimnáziumi érettségi;Finance;male;5;4;Nem;inkább jó;good;Község. nagyközség;fõiskola / BA / BSc;inkább jó;good;külön albérletben;egyéb;0;0;Not working;0;200000;1;Külföldön;700000;2;0;0;0;1;0;0;1;0;1;0.533333333;5;0.898876404;0.593333333;present-biased;0;600000;0;0;1;0;0;1;5;0;1;1;0;0;1;1;;;;;;;;;;;;;;;;;;;;;
17;44338.97508;2000;gimnáziumi érettségi;Finance;male;4;4;Nem;inkább jó;good;Megyeszékhely;egyetem / MA / MSc;inkább jó;good;kollégiumban;kollégiumban;0;0;Not working;0;60000;1;Magyarországon;600000;3;0;1;0;0;1;1;0;1;1;0.512820513;1;0.512820513;1;time-consistent;0;300000;0;5;0;0;0;0;7;0;1;0;;;;;0;0;0;0;0;0;0;0;0;0;0;1;0;0;0;0;0;0;0;0;1
18;44338.97559;1999;"szakközépiskolai érettségi; szakképzést követõ érettségi";Finance;male;4;5;Nem;inkább jó;good;Többi város;"érettségit követõ. felsõfokra nem akkreditált szakképzés; középfokú technikum";inkább jó;good;külön saját lakásban;egyéb;1;30;Full time job;250000;100000;Igen;Magyarországon;400000;2;0;1;0;0;0;0;0;0;1;0.963855422;1;0.980392157;0.98313253;present-biased;0;100000;1;2;0;0;0;1;4.95;1;0;0;;;;;0;0;0;0;0;0;1;0;0;1;0;0;0;0;0;0;0;0;0;0;0
19;44338.98921;1998;"szakközépiskolai érettségi; szakképzést követõ érettségi";Finance;male;5;5;Nem;inkább jó;good;Megyeszékhely;fõiskola / BA / BSc;nagyon jó;good;külön saját lakásban;egyéb;1;20;Part time job;103700;60000;1;Magyarországon;750000;1;0;1;1;1;0;0;1;0;1;0.930232558;1;0.930232558;1;time-consistent;0;500000;1;2;0;0;0;0;27;1;0;0;;;;;1;0;0;0;0;0;1;1;0;1;0;0;0;0;1;1;0;0;0;0;0
20;44338.98936;1999;gimnáziumi érettségi;Finance;male;4;4;Nem;nagyon jó;good;Megyeszékhely;doktori / PhD;nagyon jó;good;kollégiumban;kollégiumban;1;20;Part time job;87000;25000;1;Magyarországon;2500000;3;0;0;0;1;1;1;0;0;0;0.930232558;5;0.930232558;1;time-consistent;0;500000;0;0;0;0;0;1;5;0;0;0;;;;;0;0;1;1;0;0;0;0;0;0;0;1;0;0;1;1;0;1;0;1;0
21;44338.99119;1999;gimnáziumi érettségi;Finance;male;5;5;Igen;inkább rossz;bad;Megyeszékhely;fõiskola / BA / BSc;inkább jó;good;barátoknál;egyéb;1;24;Full time job;152000;50000;0;Külföldön;1100000;2;1;1;0;1;0;0;0;0;1;0.930232558;05.febr;0.980392157;0.948837209;present-biased;0;500000;1;2;0;0;0;0;05.márc;0;1;0;;;;;1;0;0;0;0;0;1;0;1;1;1;1;0;0;0;1;0;1;1;0;0
22;44338.99417;1998;gimnáziumi érettségi;Finance;male;4;4;Igen;inkább jó;good;Többi város;egyetem / MA / MSc;inkább jó;good;szülõkkel (vagy egyik szülõvel) otthon;szülõkkel;1;20;Part time job;200000;40000;1;Magyarországon;800000;3;0;1;0;1;0;0;0;0;0;0.980392157;5;0.980392157;1;time-consistent;0;350000;0;1;0;1;0;0;25;1;0;1;0;0;1;1;;;;;;;;;;;;;;;;;;;;;
23;44338.99525;1998;gimnáziumi érettségi;Finance;male;3;4;Igen;inkább rossz;bad;Község. nagyközség;"szakközépiskolai érettségi; szakképzést követõ érettségi";inkább jó;good;kollégiumban;kollégiumban;0;0;Not working;0;40000;0;Külföldön;850000;nem tudom;0;1;1;0;1;1;0;0;0;0.808080808;0.5;0.980392157;0.824242424;present-biased;0;700000;1;2;0;1;0;0;10;1;0;0;;;;;1;1;0;0;0;0;1;0;0;0;1;1;0;0;1;1;1;1;0;0;0
24;44339.01082;1998;gimnáziumi érettségi;Finance;female;5;3;Nem;nagyon jó;good;Fõváros;doktori / PhD;inkább jó;good;külföldön. kollégiumban;kollégiumban;1;25;Full time job;130000;100000;1;Magyarországon;650000;2;1;1;0;0;0;0;1;0;0;0.740740741;0;0.930232558;0.796296296;present-biased;0;350000;1;2;0;1;0;1;5;0;1;0;;;;;1;0;0;0;0;0;0;1;0;0;0;0;0;0;1;1;0;1;0;0;0
25;44339.02382;2000;gimnáziumi érettségi;Finance;female;5;2;Nem;inkább jó;good;Többi város;"szakközépiskolai érettségi; szakképzést követõ érettségi";inkább jó;good;kollégiumban;kollégiumban;0;0;Not working;0;60000;1;Magyarországon;800000;2;0;1;1;0;0;0;1;0;0;0.784313725;5;0.930232558;0.843137255;present-biased;0;500000;0;5;0;1;0;0;4;1;0;1;0;0;1;0;;;;;;;;;;;;;;;;;;;;;
26;44339.02618;1994;fõiskola / BA / BSc;Finance;male;5;4;Igen;inkább jó;good;Fõváros;gimnáziumi érettségi;nagyon jó;good;szülõkkel (vagy egyik szülõvel) otthon;szülõkkel;1;40;Full time job;375000;200000;1;Magyarországon;750000;3;1;1;0;1;1;1;1;0;0;0.980392157;5;0.980392157;1;time-consistent;0;375000;1;1.99;0;1;0;0;07.máj;1;0;1;1;0;1;1;;;;;;;;;;;;;;;;;;;;;
27;44339.0445;1997;gimnáziumi érettségi;Finance;male;5;4;Nem;inkább jó;good;Megyeszékhely;egyetem / MA / MSc;inkább jó;good;külön albérletben;egyéb;0;0;Not working;0;60000;Igen;Magyarországon;700000;3;1;1;0;0;0;0;0;0;1;0.85106383;8;0.85106383;1;time-consistent;1;750000;1;1.99;1;1;1;1;4.95;0;0;1;0;0;1;1;;;;;;;;;;;;;;;;;;;;;
28;44339.05466;1992;gimnáziumi érettségi;Finance;male;2;4;Igen;inkább jó;good;Fõváros;fõiskola / BA / BSc;inkább jó;good;szülõkkel (vagy egyik szülõvel) otthon;szülõkkel;1;30;Full time job;142800;100000;1;Magyarországon;1000000;2;1;1;0;1;0;0;1;0;0;0.980392157;10;0.980392157;1;time-consistent;0;250000;0;4;0;0;0;0;7;1;0;1;0;1;1;0;;;;;;;;;;;;;;;;;;;;;
29;44339.1425;1999;gimnáziumi érettségi;Finance;male;4;5;Igen;inkább jó;good;Megyeszékhely;fõiskola / BA / BSc;inkább jó;good;kollégiumban;kollégiumban;0;0;Not working;0;100000;1;Magyarországon;350000;nem tudom;0;0;0;0;0;1;0;0;1;0.879120879;2;0.930232558;0.945054945;present-biased;0;700000;0;08.jan;0;1;0;0;06.máj;1;0;1;0;1;0;0;;;;;;;;;;;;;;;;;;;;;
30;44339.3445;1998;"szakközépiskolai érettségi; szakképzést követõ érettségi";Finance;female;4;3;Nem;inkább jó;good;Többi megyei jogú város;"szakközépiskolai érettségi; szakképzést követõ érettségi";inkább jó;good;külön albérletben;egyéb;1;32;Full time job;204000;95000;1;Magyarországon;800000;3;1;0;0;1;1;0;0;0;0;0.898876404;8;0.898876404;1;time-consistent;0;150000;1;2;0;0;0;1;5;1;0;1;0;0;1;0;;;;;;;;;;;;;;;;;;;;;
31;44339.3486;1998;gimnáziumi érettségi;Finance;male;5;5;Nem;inkább rossz;bad;Fõváros;fõiskola / BA / BSc;inkább jó;good;szülõkkel (vagy egyik szülõvel) otthon;szülõkkel;1;36;Full time job;200000;60000;1;Külföldön;900000;0;1;1;0;1;1;1;0;0;1;0.930232558;5;0.930232558;1;time-consistent;0;2000000;1;2;0;0;0;0;05.ápr;1;0;0;;;;;0;0;0;0;0;0;0;0;0;0;0;0;0;0;0;0;0;0;0;0;1
32;44339.39396;2000;gimnáziumi érettségi;Finance;female;4;4;Nem;inkább jó;good;Fõváros;fõiskola / BA / BSc;inkább jó;good;szülõkkel (vagy egyik szülõvel) otthon;szülõkkel;0;0;Not working;0;50000;1;Magyarországon;350000;2;0;0;0;1;0;0;0;0;0;0.824742268;5;0.85106383;0.969072165;present-biased;0;50000;1;2;1;1;1;1;5;0;0;0;;;;;0;0;1;0;0;0;1;0;1;0;1;0;0;1;1;1;1;0;0;0;0
33;44339.40524;1997;fõiskola / BA / BSc;Finance;male;4;4;Nem;nagyon jó;good;Fõváros;egyetem / MA / MSc;nagyon jó;good;szülõkkel (vagy egyik szülõvel) otthon;szülõkkel;1;25;Full time job;120000;100000;1;Külföldön;600000;2;0;0;0;1;0;0;0;0;0;0.980392157;5;0.980392157;1;time-consistent;1;750000;0;4;1;1;0;1;5;1;0;1;0;1;0;0;;;;;;;;;;;;;;;;;;;;;
34;44339.40635;1998;gimnáziumi érettségi;Finance;male;3;5;Nem;inkább jó;good;Fõváros;egyetem / MA / MSc;nagyon jó;good;külön saját lakásban;egyéb;1;40;Full time job;500000;100000;1;Magyarországon;10000000;3;1;1;0;1;1;0;1;0;0;0.85106383;10;0.85106383;1;time-consistent;0;300000;0;0.5;0;0;0;0;8;1;0;0;;;;;0;0;0;0;1;0;0;1;0;1;0;1;0;0;1;0;0;0;0;0;0
35;44339.40729;1999;gimnáziumi érettségi;Finance;male;5;3;Igen;inkább jó;good;Többi város;doktori / PhD;inkább jó;good;külön saját lakásban;egyéb;0;0;Not working;0;0;1;Magyarországon;1000000;2;0;1;0;1;0;1;1;0;1;0.784313725;5;0.784313725;1;time-consistent;0;500000;0;3;1;1;0;1;5;1;0;0;;;;;1;0;0;0;0;0;1;0;0;0;0;1;0;0;1;0;0;0;0;0;0
36;44339.40751;1999;gimnáziumi érettségi;Finance;male;3;5;Igen;nagyon jó;good;Fõváros;fõiskola / BA / BSc;inkább jó;good;szülõkkel (vagy egyik szülõvel) otthon;szülõkkel;1;34;Full time job;292600;100000;Igen;Magyarországon;1000000;2;1;1;0;1;0;0;1;0;0;0.930232558;5;0.930232558;1;time-consistent;1;750000;1;1.99;1;1;0;1;4.95;0;0;0;;;;;0;0;0;0;0;0;1;0;0;0;0;1;0;0;0;1;0;0;0;0;0
37;44339.40856;1999;gimnáziumi érettségi;Finance;female;5;4;Nem;inkább jó;good;Többi város;egyetem / MA / MSc;nagyon jó;good;szülõkkel (vagy egyik szülõvel) otthon;szülõkkel;1;40;Full time job;170000;100000;Igen;Magyarországon;500000;3;1;0;0;1;0;1;1;0;1;0.898876404;5;0.930232558;0.966292135;present-biased;1;750000;1;2;1;1;0;1;4.95;0;0;1;0;1;0;1;;;;;;;;;;;;;;;;;;;;;
38;44339.4159;1999;gimnáziumi érettségi;Finance;female;4;4;Nem;inkább jó;good;Többi város;egyetem / MA / MSc;inkább jó;good;külön albérletben;egyéb;0;0;Not working;0;60000;1;Magyarországon;450000;2;0;1;0;1;0;0;0;0;0;0.980392157;5;0.980392157;1;time-consistent;0;500000;0;0.5;1;1;0;0;05.ápr;1;0;0;;;;;0;0;0;0;0;0;0;0;0;0;0;0;0;0;0;0;0;0;0;0;1
39;44339.42372;1998;gimnáziumi érettségi;Finance;female;5;3;Nem;inkább rossz;bad;Többi megyei jogú város;"szakmunkásképzõ; szakképzés érettségi nélkül";inkább jó;good;külön albérletben;egyéb;1;36;Full time job;170000;80000;1;Magyarországon;400000;2;0;0;0;1;1;1;1;0;0;0.980392157;5;0.980392157;1;time-consistent;0;500000;1;2;1;1;0;0;6;1;0;1;0;1;1;1;;;;;;;;;;;;;;;;;;;;;
40;44339.42934;2000;gimnáziumi érettségi;Finance;male;5;4;Nem;nagyon jó;good;Fõváros;egyetem / MA / MSc;nagyon jó;good;szülõkkel (vagy egyik szülõvel) otthon;szülõkkel;1;18;Part time job;80000;90000;1;Magyarországon;3000000;2;0;0;0;1;0;0;0;0;0;0.980392157;10;0.898876404;1.090686275;future-biased;0;500000;1;2;1;1;1;1;5;0;0;1;0;1;0;1;;;;;;;;;;;;;;;;;;;;;
41;44339.44419;1998;gimnáziumi érettségi;Finance;female;2;4;Igen;inkább jó;good;Többi megyei jogú város;egyetem / MA / MSc;inkább jó;good;külön albérletben;egyéb;1;30;Full time job;180000;70000;0;Külföldön;500000;nem tudom;0;1;0;0;0;0;1;0;1;0.85106383;5;0.85106383;1;time-consistent;1;750000;1;2;0;0;0;0;05.ápr;1;0;0;;;;;0;0;0;0;0;0;1;0;1;1;1;0;0;0;1;1;1;1;1;1;0
42;44339.4487;2000;gimnáziumi érettségi;Finance;female;3;3;Nem;inkább jó;good;Többi város;egyetem / MA / MSc;inkább jó;good;külön albérletben;egyéb;1;20;Part time job;88000;70000;1;Magyarországon;400000;2;0;1;0;0;0;0;1;1;0;0.784313725;4;0.761904762;1.029411765;future-biased;0;1000000;0;3;0;1;0;1;5;0;1;0;;;;;0;0;0;0;1;0;1;0;0;0;0;1;0;0;1;0;0;0;0;0;0
43;44339.45303;2000;gimnáziumi érettségi;Finance;female;5;4;Nem;inkább jó;good;Többi város;fõiskola / BA / BSc;inkább jó;good;kollégiumban;kollégiumban;1;32;Full time job;137100;70000;1;Magyarországon;500000;2;0;0;1;1;1;0;1;0;0;0.85106383;4;0.784313725;1.085106383;future-biased;0;600000;0;25.jan;0;0;0;0;04.jún;1;0;0;;;;;0;0;0;1;1;1;1;0;0;1;0;0;0;0;1;1;1;0;1;1;0
44;44339.45567;1999;gimnáziumi érettségi;Finance;female;4;4;Nem;inkább jó;good;Többi város;fõiskola / BA / BSc;inkább jó;good;külön saját lakásban;egyéb;0;0;Not working;0;35000;1;Külföldön;350000;2;0;0;0;1;0;0;1;1;1;0.963855422;4;0.930232558;1.036144578;future-biased;0;100000;0;0;0;0;0;0;05.ápr;1;0;0;;;;;1;0;0;0;1;0;0;0;1;1;1;0;0;0;1;1;1;0;1;1;0
45;44339.4684;1999;gimnáziumi érettségi;Finance;male;4;4;Nem;inkább jó;good;Fõváros;gimnáziumi érettségi;inkább jó;good;szülõkkel (vagy egyik szülõvel) otthon;szülõkkel;1;20;Part time job;80000;40000;1;Magyarországon;600000;nem tudom;1;1;0;0;0;0;0;1;0;0.85106383;05.jan;0.85106383;1;time-consistent;0;500000;1;2;1;1;0;1;5;1;0;1;0;1;0;1;;;;;;;;;;;;;;;;;;;;;
46;44339.47656;1998;gimnáziumi érettségi;Finance;female;2;4;Nem;nagyon jó;good;Megyeszékhely;fõiskola / BA / BSc;nagyon jó;good;külön albérletben;egyéb;1;30;Full time job;167000;100000;1;Magyarországon;500000;2;1;1;1;0;0;0;1;0;1;0.720720721;0;0.963855422;0.747747748;present-biased;0;500000;0;0;1;1;1;0;10;0;0;1;0;0;1;0;;;;;;;;;;;;;;;;;;;;;
47;44339.47917;1999;gimnáziumi érettségi;Finance;male;4;5;Nem;nagyon jó;good;Többi város;egyetem / MA / MSc;nagyon jó;good;külön saját lakásban;egyéb;1;20;Part time job;300000;200000;1;Magyarországon;5000000;2;1;1;0;0;0;0;0;0;0;0.720720721;10;0.930232558;0.774774775;present-biased;0;1000000;0;1;1;0;0;1;5;1;0;0;;;;;1;0;0;0;0;0;1;0;1;1;1;0;0;0;0;0;0;0;0;0;0
48;44339.48938;2000;gimnáziumi érettségi;Finance;female;5;5;Nem;inkább jó;good;Fõváros;egyetem / MA / MSc;inkább jó;good;szülõkkel (vagy egyik szülõvel) otthon;szülõkkel;1;24;Full time job;125000;50000;1;Magyarországon;500000;2;0;0;0;0;0;1;1;1;0;0.980392157;1;0.930232558;1.053921569;future-biased;0;150000;0;10;0;0;0;0;12;1;0;0;;;;;0;0;0;0;0;0;0;0;1;1;1;0;0;0;0;1;1;0;0;0;0
49;44339.49308;1999;gimnáziumi érettségi;Finance;male;3;4;Nem;inkább jó;good;Többi város;fõiskola / BA / BSc;inkább jó;good;szülõkkel (vagy egyik szülõvel) otthon;szülõkkel;0;0;Not working;0;2000;1;Magyarországon;200000;nem tudom;0;1;0;0;0;0;1;1;0;0.879120879;0;0.879120879;1;time-consistent;0;700000;0;3;0;0;1;0;6;0;0;0;;;;;1;1;0;0;0;0;0;0;0;0;0;1;0;0;1;1;1;1;0;0;0
50;44339.49333;1999;gimnáziumi érettségi;Finance;male;5;5;Nem;inkább jó;good;Többi város;egyetem / MA / MSc;inkább jó;good;kollégiumban;kollégiumban;1;32;Full time job;150000;90000;1;Magyarországon;500000;3;1;1;0;1;0;0;1;1;0;0.930232558;10;0.930232558;1;time-consistent;0;500000;0;5;0;0;1;0;27;0;0;0;;;;;0;0;0;0;1;1;0;1;0;0;0;1;0;0;1;0;0;0;1;0;1
51;44339.50269;2000;gimnáziumi érettségi;Finance;female;2;3;Nem;inkább jó;good;Megyeszékhely;"érettségit követõ. felsõfokra nem akkreditált szakképzés; középfokú technikum";inkább jó;good;kollégiumban;kollégiumban;1;20;Part time job;30000;25000;1;Külföldön;1400000;2;0;1;1;1;1;1;0;0;0;0.85106383;5;0.980392157;0.868085106;present-biased;0;600000;0;0.5;1;1;0;0;6;1;0;0;;;;;0;1;0;0;0;0;0;1;1;1;1;0;0;0;1;1;0;0;0;0;0
52;44339.50457;1999;gimnáziumi érettségi;Finance;male;5;5;Nem;nagyon jó;good;Község. nagyközség;fõiskola / BA / BSc;nagyon jó;good;külön albérletben;egyéb;1;25;Full time job;140000;80000;1;Magyarországon;2000000;2;1;1;0;0;0;1;0;0;0;0.980392157;0.1;0.980392157;1;time-consistent;0;100000;0;3;0;0;0;1;4.99;1;0;0;;;;;1;0;0;1;0;0;0;0;0;0;0;0;0;0;0;0;0;0;0;0;0
53;44339.5095;1991;egyetem / MA / MSc;Finance;male;4;3;Nem;inkább jó;good;Megyeszékhely;gimnáziumi érettségi;nagyon jó;good;külön albérletben;egyéb;1;40;Full time job;832000;200000;0;Magyarországon;5000000;3;1;1;1;1;0;0;0;0;0;0.980392157;10;0.980392157;1;time-consistent;0;200000;0;05.febr;1;0;1;0;17;0;0;1;0;0;1;1;;;;;;;;;;;;;;;;;;;;;
54;44339.51603;1992;fõiskola / BA / BSc;Finance;female;5;5;Nem;inkább jó;good;Megyeszékhely;doktori / PhD;inkább jó;good;külön albérletben;egyéb;0;0;Not working;0;250000;0;Külföldön;900000;0;1;1;0;0;0;0;0;0;1;0.930232558;0;0.930232558;1;time-consistent;0;1000000;0;05.jan;0;0;0;0;4.75;1;0;0;;;;;1;0;0;1;1;0;1;0;0;0;0;0;0;0;1;1;1;0;0;0;0
55;44339.52091;2000;gimnáziumi érettségi;Finance;female;3;4;Nem;inkább jó;good;Többi város;fõiskola / BA / BSc;inkább jó;good;külön albérletben;egyéb;0;0;Not working;0;40000;1;Magyarországon;400000;2;0;1;0;0;1;1;0;1;0;0.784313725;6;0.898876404;0.87254902;present-biased;0;250000;0;0;0;0;0;0;05.jún;1;0;0;;;;;1;0;1;1;0;0;1;0;1;0;1;0;0;0;1;1;1;0;1;0;0
56;44339.52193;1999;gimnáziumi érettségi;Finance;female;4;5;Nem;inkább jó;good;Megyeszékhely;fõiskola / BA / BSc;inkább jó;good;külön albérletben;egyéb;1;25;Full time job;117347;35000;1;Magyarországon;500000;2;0;1;0;1;1;1;1;0;0;0.85106383;3;0.824742268;1.031914894;future-biased;1;750000;0;09.jan;0;1;0;0;05.ápr;1;0;0;;;;;0;0;0;0;1;1;0;0;1;1;1;1;1;1;0;1;0;0;1;1;0
57;44339.53215;1999;gimnáziumi érettségi;Finance;male;5;5;Nem;nagyon jó;good;Megyeszékhely;egyetem / MA / MSc;nagyon jó;good;külön saját lakásban;egyéb;0;0;Not working;0;90000;1;Külföldön;1200000;nem tudom;1;1;0;0;0;0;0;0;0;0.930232558;5;0.980392157;0.948837209;present-biased;0;1000000;0;3;0;0;0;0;4.75;0;1;1;1;0;0;1;;;;;;;;;;;;;;;;;;;;;
58;44339.53701;1999;gimnáziumi érettségi;Finance;female;5;4;Nem;nagyon jó;good;Többi város;fõiskola / BA / BSc;nagyon jó;good;külön saját lakásban;egyéb;1;40;Full time job;150000;50000;1;Magyarországon;800000;2;1;1;0;0;0;0;1;0;1;0.930232558;09.ápr;0.980392157;0.948837209;present-biased;0;500000;0;14;1;0;0;0;6;0;1;0;;;;;1;0;0;1;1;1;1;0;0;1;0;1;0;0;1;1;1;0;0;0;0
59;44339.54054;1998;gimnáziumi érettségi;Finance;female;5;4;Nem;inkább jó;good;Többi város;gimnáziumi érettségi;inkább jó;good;szülõkkel (vagy egyik szülõvel) otthon;szülõkkel;0;0;Not working;0;15000;1;Magyarországon;400000;3;1;1;0;0;1;1;1;0;0;0.930232558;5;0.930232558;1;time-consistent;0;500000;0;05.máj;0;1;0;0;05.ápr;0;0;0;;;;;1;1;1;1;0;0;0;0;1;0;1;0;0;0;1;1;0;0;1;0;0
60;44339.54735;1999;fõiskola / BA / BSc;Finance;male;5;4;Nem;inkább jó;good;Fõváros;egyetem / MA / MSc;inkább jó;good;szülõkkel (vagy egyik szülõvel) otthon;szülõkkel;0;0;Not working;0;15000;0;Magyarországon;250000;3;1;1;0;0;0;0;1;1;0;0.930232558;4;0.963855422;0.965116279;present-biased;1;750000;1;2;1;1;0;0;05.máj;1;0;0;;;;;0;0;0;1;0;0;1;0;1;0;1;0;0;1;1;1;0;0;1;0;0
61;44339.55263;2000;gimnáziumi érettségi;Finance;female;3;4;Nem;inkább jó;good;Fõváros;egyetem / MA / MSc;inkább jó;good;szülõkkel (vagy egyik szülõvel) otthon;szülõkkel;1;10;Part time job;75000;40000;1;Magyarországon;350000;0;1;0;0;0;0;0;1;0;0;0.930232558;5;0.980392157;0.948837209;present-biased;0;50000;0;02.jún;0;0;1;0;3;0;0;0;;;;;0;0;0;0;0;0;1;1;1;0;0;0;0;0;1;1;0;0;0;0;0
62;44339.56804;1998;"szakközépiskolai érettségi; szakképzést követõ érettségi";Finance;female;3;4;Nem;inkább jó;good;Többi város;"szakközépiskolai érettségi; szakképzést követõ érettségi";inkább jó;good;külön albérletben;egyéb;1;40;Full time job;230000;60000;1;Magyarországon;500000;2;0;1;0;0;0;1;1;0;0;0.522875817;0.2;0.898876404;0.581699346;present-biased;0;300000;1;2;1;1;0;0;27;0;1;0;;;;;0;0;1;0;0;0;0;0;0;0;0;1;0;0;1;1;1;0;0;0;0
63;44339.5739;1998;"szakközépiskolai érettségi; szakképzést követõ érettségi";Finance;male;4;4;Nem;inkább jó;good;Megyeszékhely;fõiskola / BA / BSc;inkább jó;good;külön albérletben;egyéb;1;32;Full time job;184000;45000;1;Magyarországon;550000;2;1;1;0;1;1;0;0;0;0;0.571428571;10;0.808080808;0.707142857;present-biased;0;300000;0;5;0;0;0;0;05.máj;0;0;0;;;;;0;0;1;0;0;0;0;0;0;0;0;1;0;0;1;1;0;0;0;1;0
64;44339.6013;1999;gimnáziumi érettségi;Finance;female;3;4;Nem;inkább jó;good;Község. nagyközség;"érettségit követõ. felsõfokra nem akkreditált szakképzés; középfokú technikum";inkább jó;good;szülõkkel (vagy egyik szülõvel) otthon;szülõkkel;0;0;Not working;0;10000;1;Magyarországon;400000;2;1;1;0;1;0;1;0;0;1;0.963855422;4;0.930232558;1.036144578;future-biased;0;600000;0;05.jan;0;0;0;0;02.máj;1;0;0;;;;;0;0;1;0;1;0;1;1;1;0;0;0;0;0;1;1;1;0;0;0;0
65;44339.60394;1999;gimnáziumi érettségi;Finance;male;5;5;Nem;inkább jó;good;Többi város;egyetem / MA / MSc;inkább jó;good;szülõkkel (vagy egyik szülõvel) otthon;szülõkkel;0;0;Not working;0;15000;1;Magyarországon;1000000;2;1;0;0;1;0;0;1;0;0;0.963855422;3;0.963855422;1;time-consistent;0;350000;1;2;0;0;0;0;05.máj;1;0;0;;;;;1;0;0;0;1;0;1;0;1;0;0;1;0;0;1;1;1;0;1;0;0
66;44339.62227;1999;gimnáziumi érettségi;Finance;male;4;4;Nem;nagyon jó;good;Többi város;fõiskola / BA / BSc;nagyon jó;good;szülõkkel (vagy egyik szülõvel) otthon;szülõkkel;0;0;Not working;0;35000;1;Magyarországon;2000000;nem tudom;0;1;0;1;0;0;0;0;0;0.980392157;0;0.980392157;1;time-consistent;0;490000;0;0;0;0;0;1;5;0;1;0;;;;;0;0;0;0;0;0;0;1;0;0;0;1;0;0;0;1;0;0;0;0;0
67;44339.6261;1999;gimnáziumi érettségi;Finance;female;3;4;Nem;inkább jó;good;Megyeszékhely;egyetem / MA / MSc;inkább jó;good;külön albérletben;egyéb;1;24;Full time job;165000;90000;0;Külföldön;1200000;0;0;1;0;0;1;1;1;0;1;0.930232558;5;0.930232558;1;time-consistent;0;400000;1;2;0;1;1;1;5;0;0;0;;;;;0;0;0;1;0;0;0;0;0;0;0;1;0;1;1;1;1;1;1;1;0
68;44339.63956;2000;gimnáziumi érettségi;Finance;male;2;4;Nem;nagyon jó;good;Község. nagyközség;egyetem / MA / MSc;inkább jó;good;külön saját lakásban;egyéb;0;0;Not working;300000;130000;1;Magyarországon;600000;nem tudom;1;1;0;1;1;1;0;0;1;0.898876404;5;0.898876404;1;time-consistent;0;500000;0;1;1;1;0;1;5;1;0;0;;;;;1;0;0;0;0;0;1;0;0;0;0;1;0;0;1;1;0;0;0;0;0
69;44339.67998;1999;gimnáziumi érettségi;Finance;female;3;4;Nem;nagyon jó;good;Megyeszékhely;doktori / PhD;nagyon jó;good;külön albérletben;egyéb;0;0;Not working;0;120000;1;Külföldön;1000000;több. mint 3;1;1;0;1;0;0;1;1;0;0.879120879;05.febr;0.930232558;0.945054945;present-biased;0;500000;0;7;0;0;0;0;10;1;0;0;;;;;0;0;0;0;1;1;1;1;1;1;1;0;0;0;1;0;0;0;1;0;0
70;44339.71494;1999;gimnáziumi érettségi;Finance;male;4;5;Igen;inkább jó;good;Megyeszékhely;gimnáziumi érettségi;inkább rossz;bad;külön albérletben;egyéb;1;35;Full time job;210000;50000;1;Külföldön;1000000;2;0;1;0;0;0;0;0;0;0;0.980392157;2;0.980392157;1;time-consistent;1;750000;1;1.99;1;1;1;0;27.máj;0;0;0;;;;;0;0;0;0;0;0;1;0;0;0;0;1;0;0;0;0;0;1;1;0;0
71;44339.71738;1999;gimnáziumi érettségi;Finance;male;3;4;Nem;nagyon jó;good;Fõváros;egyetem / MA / MSc;nagyon jó;good;kollégiumban;kollégiumban;0;0;Not working;0;30000;Igen;Magyarországon;1200000;nem tudom;1;1;0;1;0;0;0;0;0;0.980392157;4.999;0.980392157;1;time-consistent;0;500000;1;2;0;0;0;1;4.95;1;0;0;;;;;0;0;0;0;1;0;0;1;1;0;0;0;0;1;0;0;0;0;0;0;1
72;44339.72036;1998;gimnáziumi érettségi;Finance;female;4;4;Nem;inkább jó;good;Megyeszékhely;egyetem / MA / MSc;inkább jó;good;kollégiumban;kollégiumban;1;20;Part time job;90000;50000;1;Magyarországon;600000;2;1;1;1;1;1;0;0;0;1;0.930232558;7;0.930232558;1;time-consistent;0;500000;1;2;1;1;0;0;27;0;1;1;1;1;0;0;;;;;;;;;;;;;;;;;;;;;
73;44339.72848;1999;gimnáziumi érettségi;Finance;male;5;2;Nem;nagyon jó;good;Megyeszékhely;fõiskola / BA / BSc;nagyon jó;good;külön saját lakásban;egyéb;0;0;Not working;0;80000;1;Magyarországon;900000;nem tudom;1;0;0;1;0;0;0;0;1;0.963855422;0;0.963855422;1;time-consistent;1;750000;1;1.99;0;1;1;0;05.ápr;0;0;1;1;0;0;1;;;;;;;;;;;;;;;;;;;;;
74;44339.73237;1999;gimnáziumi érettségi;Finance;male;2;4;Nem;inkább jó;good;Fõváros;doktori / PhD;inkább jó;good;szülõkkel (vagy egyik szülõvel) otthon;szülõkkel;1;30;Full time job;250000;200000;1;Magyarországon;1000000;2;0;1;1;1;0;0;0;0;0;0.689655172;5;0.720720721;0.956896552;present-biased;0;500000;0;03.febr;0;0;0;1;5;1;0;0;;;;;1;0;1;0;0;0;0;1;0;0;0;1;0;0;0;0;0;0;0;0;1
75;44339.78159;1999;gimnáziumi érettségi;Finance;male;3;4;Nem;inkább jó;good;Megyeszékhely;fõiskola / BA / BSc;inkább jó;good;kollégiumban;kollégiumban;0;0;Not working;0;80000;0;Külföldön;500000;2;1;1;0;1;1;1;0;0;0;0.930232558;1;0.898876404;1.034883721;future-biased;0;300000;0;3;0;0;0;0;05.ápr;1;0;0;;;;;0;1;0;0;0;0;1;1;1;0;1;1;0;0;1;1;0;0;1;0;0
76;44339.8187;2000;gimnáziumi érettségi;Finance;male;3;4;Igen;inkább jó;good;Megyeszékhely;fõiskola / BA / BSc;inkább jó;good;kollégiumban;kollégiumban;0;0;Not working;0;50000;1;Külföldön;800000;0;0;1;0;1;0;1;0;0;1;0.689655172;10;0.898876404;0.767241379;present-biased;0;300000;0;0.5;0;1;0;1;5;1;0;0;;;;;0;0;0;0;0;0;1;1;0;0;0;1;0;0;0;0;0;1;0;0;1
77;44339.87852;1997;fõiskola / BA / BSc;Finance;female;3;4;Nem;inkább jó;good;Megyeszékhely;fõiskola / BA / BSc;inkább jó;good;külön saját lakásban;egyéb;0;0;Not working;0;40000;1;Magyarországon;400000;2;1;1;0;1;0;0;1;1;0;0.898876404;2;0.824742268;1.08988764;future-biased;0;250000;0;4;0;0;0;0;6;1;0;0;;;;;1;1;0;0;0;0;0;0;0;0;0;0;0;0;0;1;0;0;1;0;0
78;44339.88699;1998;gimnáziumi érettségi;Finance;female;3;4;Nem;inkább jó;good;Többi város;doktori / PhD;inkább jó;good;kollégiumban;kollégiumban;0;0;Not working;0;30000;1;Magyarországon;500000;3;1;0;0;1;0;0;1;0;1;0.720720721;2;0.64;1.126126126;future-biased;0;1500000;0;0;0;1;0;0;3;1;0;0;;;;;0;1;0;0;0;0;1;1;0;0;0;0;0;0;1;0;0;1;0;0;0
79;44339.95824;1992;"akkreditált felsõfokú szakképzés; felsõfokú technikum";Finance;male;3;3;Nem;inkább jó;good;Megyeszékhely;egyetem / MA / MSc;inkább jó;good;külön saját lakásban;egyéb;1;40;Full time job;299250;120000;0;Magyarországon;500000;1;1;0;0;0;0;0;1;1;0;0.784313725;5;0.784313725;1;time-consistent;0;200000;0;7;0;0;0;1;5;0;1;0;;;;;1;1;1;0;1;1;1;0;0;1;1;0;0;1;0;1;0;0;0;0;0
80;44340.39337;1999;"akkreditált felsõfokú szakképzés; felsõfokú technikum";Finance;female;2;4;Igen;inkább jó;good;Többi város;egyetem / MA / MSc;inkább jó;good;kollégiumban;kollégiumban;1;4;Part time job;56000;100000;1;Magyarországon;400000;2;0;1;0;0;1;0;1;0;0;0.980392157;1;0.980392157;1;time-consistent;1;750000;1;2;1;1;0;1;5;0;0;0;;;;;1;1;0;1;0;0;0;0;1;1;0;0;0;0;1;1;0;0;0;0;0
81;44340.41103;1996;fõiskola / BA / BSc;Finance;male;5;2;Nem;inkább jó;good;Megyeszékhely;fõiskola / BA / BSc;inkább jó;good;külön albérletben;egyéb;0;0;Not working;0;40000;1;Magyarországon;1500000;2;0;1;0;0;1;0;0;0;0;0.930232558;0;0.930232558;1;time-consistent;0;500000;1;2;1;1;0;1;5;1;0;0;;;;;0;0;0;0;0;0;0;0;0;0;0;1;0;0;0;0;0;0;0;0;1
82;44340.41512;1999;"akkreditált felsõfokú szakképzés; felsõfokú technikum";Finance;male;3;4;Igen;inkább jó;good;Megyeszékhely;egyetem / MA / MSc;inkább jó;good;kollégiumban;kollégiumban;1;40;Full time job;360000;50000;1;Magyarországon;2000000;3;0;1;1;1;0;0;0;1;1;0.963855422;5;0.898876404;1.072289157;future-biased;1;750000;1;1.99;1;1;0;0;27;0;1;1;1;0;0;0;;;;;;;;;;;;;;;;;;;;;
83;44340.4212;1999;gimnáziumi érettségi;Finance;female;4;3;Nem;nagyon jó;good;Többi város;egyetem / MA / MSc;nagyon jó;good;kollégiumban;kollégiumban;1;20;Part time job;112240;55000;1;Magyarországon;300000;2;0;0;0;0;1;0;1;0;1;0.898876404;0;0.879120879;1.02247191;future-biased;0;200000;0;05.jún;0;0;0;0;8;1;0;0;;;;;1;1;1;0;0;0;1;0;1;1;1;0;0;0;1;1;0;0;0;0;0
84;44340.44875;2000;gimnáziumi érettségi;Finance;male;4;4;Nem;nagyon jó;good;Község. nagyközség;egyetem / MA / MSc;nagyon jó;good;kollégiumban;kollégiumban;1;20;Part time job;97600;35000;1;Magyarországon;600000;2;1;1;0;0;0;0;1;0;1;0.980392157;7;0.930232558;1.053921569;future-biased;0;600000;0;05.márc;0;0;0;0;15;1;0;0;;;;;1;1;0;0;0;0;0;1;0;0;0;0;0;0;1;1;0;0;1;0;0
85;44340.48664;1999;gimnáziumi érettségi;Finance;female;2;4;Nem;nagyon jó;good;Község. nagyközség;fõiskola / BA / BSc;nagyon jó;good;külön albérletben;egyéb;1;24;Full time job;150000;20000;1;Magyarországon;1600000;2;0;1;0;0;0;0;1;0;0;0.930232558;05.febr;0.980392157;0.948837209;present-biased;0;700000;1;2;0;0;0;0;40;0;1;0;;;;;1;1;0;0;0;0;0;0;0;0;0;0;0;0;1;1;1;1;1;1;0
86;44340.50356;1998;gimnáziumi érettségi;Finance;female;3;4;Igen;inkább rossz;bad;Fõváros;gimnáziumi érettségi;inkább rossz;bad;szülõkkel (vagy egyik szülõvel) otthon;szülõkkel;0;0;Not working;0;20000;1;Külföldön;500000;2;0;0;0;0;1;0;1;1;1;0.720720721;4;0.720720721;1;time-consistent;0;250000;0;1;0;0;0;0;10;1;0;0;;;;;0;1;1;1;0;0;0;0;0;0;0;1;1;1;1;1;1;0;1;0;0
87;44340.50449;1999;"szakközépiskolai érettségi; szakképzést követõ érettségi";Finance;male;5;4;Nem;inkább jó;good;Megyeszékhely;"akkreditált felsõfokú szakképzés; felsõfokú technikum";inkább rossz;bad;külön albérletben;egyéb;1;32;Full time job;146000;50000;0;Külföldön;1500000;2;0;1;1;1;1;1;1;1;0;0.85106383;5;0.85106383;1;time-consistent;0;25000;0;03.máj;1;1;0;0;12;1;0;0;;;;;0;0;1;0;0;0;1;0;0;1;1;1;1;1;1;1;1;1;1;0;0
88;44340.53639;2000;gimnáziumi érettségi;Finance;male;3;5;Nem;nagyon jó;good;Többi város;fõiskola / BA / BSc;nagyon jó;good;külön albérletben;egyéb;1;24;Full time job;125000;75000;1;Külföldön;800000;3;1;1;0;0;0;0;0;0;0;0.85106383;1;0.898876404;0.946808511;present-biased;0;500000;1;2;0;0;0;0;05.ápr;1;0;0;;;;;1;0;0;0;0;0;1;1;0;0;0;0;0;0;0;0;0;0;0;0;0
89;44340.60185;1998;"érettségit követõ. felsõfokra nem akkreditált szakképzés; középfokú technikum";Finance;female;3;4;Nem;inkább jó;good;Község. nagyközség;"érettségit követõ. felsõfokra nem akkreditált szakképzés; középfokú technikum";nagyon jó;good;párommal;egyéb;0;0;Not working;20000;130000;1;Magyarországon;500000;nem tudom;1;1;0;1;1;0;1;1;1;0.980392157;0.5;0.980392157;1;time-consistent;0;500000;0;05.jan;0;0;0;0;25.ápr;1;0;0;;;;;1;1;0;0;1;1;1;1;0;0;1;0;1;1;1;1;0;0;1;1;0
90;44340.63348;1999;gimnáziumi érettségi;Finance;female;4;4;Nem;inkább jó;good;Megyeszékhely;gimnáziumi érettségi;inkább jó;good;külön albérletben;egyéb;0;0;Not working;0;40000;1;Magyarországon;800000;1;1;0;0;0;0;0;0;1;0;0.784313725;2;0.930232558;0.843137255;present-biased;0;300000;0;5;1;0;0;0;4;1;0;0;;;;;1;0;0;0;0;0;1;0;0;0;0;0;0;0;0;0;0;0;0;0;0
91;44340.63811;2000;gimnáziumi érettségi;Finance;male;4;5;Igen;inkább jó;good;Fõváros;egyetem / MA / MSc;inkább jó;good;szülõkkel (vagy egyik szülõvel) otthon;szülõkkel;1;25;Full time job;138000;70000;1;Magyarországon;600000;2;1;1;0;0;0;0;0;0;0;0.980392157;10;0.980392157;1;time-consistent;0;50000;1;2;0;1;0;0;07.ápr;0;1;1;0;0;1;1;;;;;;;;;;;;;;;;;;;;;
92;44340.6511;1990;gimnáziumi érettségi;Finance;male;4;4;Nem;inkább jó;good;Fõváros;egyetem / MA / MSc;inkább jó;good;külön albérletben;egyéb;1;40;Full time job;350000;100000;1;Magyarországon;800000;3;0;1;0;1;1;0;1;0;0;0.85106383;3;0.930232558;0.914893617;present-biased;0;300000;1;2;0;1;0;0;6;1;0;1;0;0;1;0;;;;;;;;;;;;;;;;;;;;;
93;44340.66531;1990;fõiskola / BA / BSc;Finance;male;3;2;Nem;inkább jó;good;Fõváros;gimnáziumi érettségi;nagyon jó;good;külön saját lakásban;egyéb;1;40;Full time job;770000;250000;0;Külföldön;1500000;2;0;1;0;0;0;0;0;0;1;0.980392157;0;0.980392157;1;time-consistent;0;400000;0;0;1;1;0;1;5;1;0;1;0;0;1;1;;;;;;;;;;;;;;;;;;;;;
94;44340.6688;2000;gimnáziumi érettségi;Finance;female;4;4;Nem;inkább jó;good;Többi város;"szakmunkásképzõ; szakképzés érettségi nélkül";inkább jó;good;külön albérletben;egyéb;0;0;Not working;0;50000;1;Magyarországon;320000;3;0;1;0;1;0;0;1;0;1;0.720720721;05.ápr;0.720720721;1;time-consistent;0;600000;0;05.jan;0;0;0;0;17;1;0;0;;;;;1;1;0;0;0;0;0;0;0;0;0;0;0;0;1;0;0;1;0;0;0
95;44340.70726;1999;gimnáziumi érettségi;Finance;female;3;4;Nem;nagyon jó;good;Megyeszékhely;egyetem / MA / MSc;inkább jó;good;külön saját lakásban;egyéb;1;20;Part time job;120000;80000;1;Magyarországon;450000;2;0;0;0;1;0;0;0;0;1;0.898876404;0;0.980392157;0.916853933;present-biased;0;450000;0;05.jan;0;1;0;0;05.febr;1;0;0;;;;;1;1;0;0;0;0;0;0;0;0;0;1;0;0;0;1;0;1;0;0;1
96;44340.72681;1999;gimnáziumi érettségi;Finance;male;3;4;Nem;nagyon jó;good;Fõváros;egyetem / MA / MSc;inkább jó;good;külön saját lakásban;egyéb;1;25;Full time job;125000;120000;1;Külföldön;950000;2;0;1;0;1;0;0;1;0;1;0.597014925;5;0.784313725;0.76119403;present-biased;0;300000;0;05.márc;0;1;0;0;05.jan;1;0;1;0;1;1;1;;;;;;;;;;;;;;;;;;;;;
97;44340.73594;1999;gimnáziumi érettségi;Finance;female;5;4;Igen;inkább jó;good;Megyeszékhely;doktori / PhD;inkább jó;good;kollégiumban;kollégiumban;1;24;Full time job;120000;20000;1;Magyarországon;650000;2;1;0;0;1;0;1;0;0;0;0.930232558;1;0.930232558;1;time-consistent;0;600000;0;3;0;1;1;0;4.75;0;0;0;;;;;0;0;0;1;1;0;1;0;0;0;0;0;0;0;0;0;0;0;1;0;0
98;44340.78571;1999;gimnáziumi érettségi;Finance;female;4;2;Nem;inkább jó;good;Többi város;egyetem / MA / MSc;inkább jó;good;kollégiumban;kollégiumban;0;0;Not working;0;10000;0;Külföldön;800000;0;0;1;0;0;0;0;0;0;1;0.980392157;2;0.980392157;1;time-consistent;0;500000;0;05.jan;1;1;1;0;4;0;0;0;;;;;0;0;0;0;0;0;0;0;1;0;0;0;0;0;1;1;0;0;1;0;0
99;44340.81565;1999;gimnáziumi érettségi;Finance;male;3;5;Igen;nagyon jó;good;Többi város;fõiskola / BA / BSc;nagyon jó;good;külön saját lakásban;egyéb;1;20;Part time job;44000;80000;Igen;Külföldön;850000;2;0;0;0;1;0;0;0;0;0;0.980392157;1;0.980392157;1;time-consistent;0;300000;0;6;0;1;0;1;4.94;1;0;0;;;;;1;0;0;0;1;0;1;0;0;0;0;0;0;0;1;1;0;0;1;0;0
100;44340.84196;1999;gimnáziumi érettségi;Finance;male;4;4;Nem;inkább jó;good;Község. nagyközség;fõiskola / BA / BSc;inkább jó;good;kollégiumban;kollégiumban;0;0;Not working;0;35000;1;Magyarországon;600000;több. mint 3;0;1;0;0;0;1;0;0;1;0.930232558;0.1;0.963855422;0.965116279;present-biased;1;750000;1;2;0;0;0;0;10;1;0;0;;;;;1;1;0;0;0;0;0;1;0;0;0;0;0;0;1;1;0;0;0;0;0
101;44340.88328;2000;gimnáziumi érettségi;Finance;male;5;4;Nem;inkább jó;good;Község. nagyközség;fõiskola / BA / BSc;inkább jó;good;külön albérletben;egyéb;0;0;Not working;0;150000;0;Külföldön;1500000;2;1;1;0;0;0;0;0;0;1;0.980392157;09.ápr;0.980392157;1;time-consistent;0;350000;1;2;1;1;1;1;5;0;0;1;0;1;0;1;;;;;;;;;;;;;;;;;;;;;
102;44340.9181;1999;gimnáziumi érettségi;Finance;female;4;3;Nem;nagyon jó;good;Megyeszékhely;doktori / PhD;inkább jó;good;külön albérletben;egyéb;0;0;Not working;0;35000;1;Magyarországon;300000;nem tudom;0;0;0;0;0;0;1;1;1;0.930232558;2;0.808080808;1.151162791;future-biased;0;100000;1;2;0;0;0;0;25;0;1;0;;;;;1;0;0;1;1;0;0;0;0;0;0;1;0;0;1;1;0;1;1;1;0
103;44341.43162;1994;gimnáziumi érettségi;Finance;male;5;2;Nem;inkább jó;good;Község. nagyközség;doktori / PhD;inkább jó;good;szülõkkel (vagy egyik szülõvel) otthon;szülõkkel;0;0;Not working;0;35000;1;Magyarországon;1000000;több. mint 3;1;1;0;0;0;0;0;0;0;0.5;10;0.707964602;0.70625;present-biased;0;300000;0;05.jan;1;1;0;0;6;1;0;1;0;0;1;1;;;;;;;;;;;;;;;;;;;;;
104;44341.4512;1999;gimnáziumi érettségi;Finance;male;3;4;Nem;inkább jó;good;Többi város;egyetem / MA / MSc;inkább jó;good;külön albérletben;egyéb;0;0;Not working;0;20000;1;Külföldön;600000;nem tudom;0;1;0;1;0;1;0;0;1;0.980392157;0;0.980392157;1;time-consistent;0;500000;0;7;0;0;0;0;35;0;0;0;;;;;1;1;0;1;1;1;1;0;1;0;0;0;0;0;1;1;0;0;0;0;1
105;44341.48072;1999;gimnáziumi érettségi;Finance;female;3;3;Nem;inkább jó;good;Község. nagyközség;"akkreditált felsõfokú szakképzés; felsõfokú technikum";inkább jó;good;szülõkkel (vagy egyik szülõvel) otthon;szülõkkel;1;24;Full time job;90000;60000;0;Magyarországon;600000;2;1;1;0;0;0;1;1;0;1;0.784313725;5;0.740740741;1.058823529;future-biased;0;300000;1;2;1;1;0;0;3;1;0;0;;;;;0;1;0;0;1;0;1;0;1;1;1;0;0;0;1;1;1;0;1;0;0
106;44341.52404;1999;"szakközépiskolai érettségi; szakképzést követõ érettségi";Finance;male;3;3;Nem;inkább rossz;bad;Község. nagyközség;gimnáziumi érettségi;inkább jó;good;szülõkkel (vagy egyik szülõvel) otthon;szülõkkel;1;30;Full time job;80000;60000;1;Magyarországon;390000;2;1;1;0;1;0;0;0;0;1;0.980392157;5;0.980392157;1;time-consistent;0;12000;1;2;1;1;0;1;5;1;0;1;1;0;1;1;;;;;;;;;;;;;;;;;;;;;
107;44341.70378;1999;gimnáziumi érettségi;Finance;male;2;4;Igen;inkább jó;good;Megyeszékhely;fõiskola / BA / BSc;inkább jó;good;kollégiumban;kollégiumban;1;32;Full time job;180000;100000;1;Magyarországon;900000;2;1;1;0;1;1;0;0;0;1;0.930232558;0;0.930232558;1;time-consistent;1;750000;1;2;0;1;0;0;27.jún;0;1;1;0;1;0;1;;;;;;;;;;;;;;;;;;;;;
108;44341.70583;1999;gimnáziumi érettségi;Finance;male;5;5;Igen;inkább jó;good;Megyeszékhely;egyetem / MA / MSc;inkább jó;good;külön albérletben;egyéb;1;30;Full time job;150000;80000;1;Külföldön;2000000;2;0;0;0;1;1;0;0;0;1;0.930232558;0;0.980392157;0.948837209;present-biased;0;350000;1;2;0;0;0;0;06.ápr;1;0;0;;;;;0;0;0;1;0;0;0;0;0;0;0;1;0;0;0;1;0;1;0;0;1
109;44341.72322;2000;gimnáziumi érettségi;Finance;female;3;3;Nem;nagyon jó;good;Község. nagyközség;fõiskola / BA / BSc;nagyon jó;good;külön saját lakásban;egyéb;0;0;Not working;0;150000;1;Magyarországon;350000;2;0;0;1;0;1;0;1;1;0;0.5;5;0.720720721;0.69375;present-biased;1;750000;0;6;1;1;0;0;4;1;0;0;;;;;1;0;1;0;0;0;1;0;1;0;1;0;1;1;1;1;1;1;1;1;0
110;44341.77889;1998;gimnáziumi érettségi;Finance;female;4;4;Nem;inkább jó;good;Többi város;egyetem / MA / MSc;inkább jó;good;kollégiumban;kollégiumban;0;0;Not working;0;40000;1;Magyarországon;400000;2;0;0;0;0;0;0;0;0;1;0.85106383;0;0.85106383;1;time-consistent;0;500000;0;1;1;1;0;1;5;1;0;0;;;;;0;0;0;0;1;0;1;1;1;1;1;0;0;0;1;0;0;0;1;0;0
111;44341.80373;1997;gimnáziumi érettségi;Finance;female;5;5;Nem;nagyon jó;good;Község. nagyközség;egyetem / MA / MSc;nagyon jó;good;albérletben. de külföldön Erasmuson. elõtte saját lakásban;egyéb;1;25;Full time job;110000;110000;1;Magyarországon;600000;3;0;0;0;1;1;0;1;1;1;0.930232558;3;0.930232558;1;time-consistent;0;500000;1;2;0;0;0;0;4;1;0;0;;;;;0;0;0;0;0;0;1;1;0;0;1;0;0;0;0;0;0;1;0;0;0
112;44341.80902;2000;gimnáziumi érettségi;Finance;female;5;5;Igen;nagyon jó;good;Fõváros;egyetem / MA / MSc;nagyon jó;good;szülõkkel (vagy egyik szülõvel) otthon;szülõkkel;0;0;Not working;0;50000;1;Magyarországon;800000;2;1;1;0;0;1;0;1;0;1;0.980392157;1;0.980392157;1;time-consistent;0;500000;0;05.jan;0;0;0;0;7;0;1;0;;;;;0;0;0;0;0;0;0;0;1;1;1;0;0;0;1;1;0;0;0;0;1
113;44341.82067;1999;gimnáziumi érettségi;Finance;male;2;2;Nem;nagyon jó;good;Fõváros;doktori / PhD;inkább jó;good;szülõkkel (vagy egyik szülõvel) otthon;szülõkkel;0;0;Not working;0;120000;0;Magyarországon;800000;2;0;0;0;1;1;1;0;0;1;0.808080808;2;0.879120879;0.919191919;present-biased;0;0;0;5;0;1;0;0;4;1;0;0;;;;;0;1;0;1;0;0;1;1;0;1;1;1;0;0;1;1;0;0;1;0;1
114;44341.85682;1999;gimnáziumi érettségi;Finance;male;3;4;Nem;inkább jó;good;Többi város;"szakközépiskolai érettségi; szakképzést követõ érettségi";inkább jó;good;kollégiumban;kollégiumban;1;20;Part time job;70000;70000;1;Külföldön;350000;2;0;1;0;0;0;0;0;0;0;0.980392157;05.febr;0.898876404;1.090686275;future-biased;0;50000;1;2;1;1;1;0;6;0;0;0;;;;;0;0;0;0;1;0;1;0;0;0;0;1;0;0;0;0;0;0;1;0;0
115;44341.85866;2000;gimnáziumi érettségi;Finance;male;4;5;Igen;inkább jó;good;Megyeszékhely;egyetem / MA / MSc;inkább jó;good;külön albérletben;egyéb;0;0;Not working;0;60000;Igen;Magyarországon;1000000;2;1;1;0;1;1;0;1;0;1;0.930232558;8;0.980392157;0.948837209;present-biased;0;350000;1;1.99;0;0;0;1;4.95;1;0;0;;;;;0;0;0;0;0;0;0;1;0;0;0;0;0;0;1;1;0;0;0;0;1
116;44342.04135;1997;gimnáziumi érettségi;Finance;male;3;4;Igen;inkább rossz;bad;Fõváros;gimnáziumi érettségi;inkább rossz;bad;külön albérletben;egyéb;1;32;Full time job;200000;100000;1;Külföldön;5000000;nem tudom;0;1;0;1;0;1;0;1;0;0.980392157;5;0.980392157;1;time-consistent;0;300000;0;0;0;1;0;0;05.febr;1;0;0;;;;;1;0;1;1;0;1;0;0;1;1;1;1;0;0;1;1;0;0;0;0;0
117;44342.37512;1999;gimnáziumi érettségi;Finance;female;5;5;Igen;nagyon jó;good;Fõváros;egyetem / MA / MSc;nagyon jó;good;szülõkkel (vagy egyik szülõvel) otthon;szülõkkel;0;0;Not working;0;20000;1;Magyarországon;600000;2;0;1;0;1;0;0;1;1;0;0.898876404;5;0.898876404;1;time-consistent;0;500000;0;0.5;1;1;0;0;05.ápr;1;0;0;;;;;0;0;0;0;0;0;0;1;1;0;0;0;0;0;0;0;0;0;0;0;1
118;44342.43263;1999;fõiskola / BA / BSc;Finance;male;3;4;Nem;nagyon jó;good;Fõváros;doktori / PhD;nagyon jó;good;szülõkkel (vagy egyik szülõvel) otthon;szülõkkel;1;24;Full time job;140000;70000;1;Magyarországon;1500000;2;1;1;1;1;0;0;1;1;0;0.707964602;10;0.720720721;0.982300885;present-biased;0;1250000;1;1.99;0;1;0;0;6;0;1;1;0;1;0;1;;;;;;;;;;;;;;;;;;;;;
119;44342.43593;1998;gimnáziumi érettségi;Finance;male;3;4;Nem;inkább jó;good;Többi város;fõiskola / BA / BSc;inkább jó;good;szülõkkel (vagy egyik szülõvel) otthon;szülõkkel;0;0;Not working;0;30000;1;Magyarországon;800000;3;1;0;0;1;0;0;0;0;1;0.533333333;10;0.784313725;0.68;present-biased;0;1500000;1;2;0;0;1;0;15;0;0;0;;;;;1;1;0;0;0;0;0;0;1;1;1;1;0;0;0;1;0;0;0;0;0
120;44342.55752;1999;gimnáziumi érettségi;Finance;female;5;4;Nem;inkább jó;good;Fõváros;egyetem / MA / MSc;inkább jó;good;szülõkkel (vagy egyik szülõvel) otthon;szülõkkel;1;20;Part time job;75000;60000;1;Magyarországon;350000;2;0;1;0;0;0;0;0;1;1;0.930232558;10;0.761904762;1.220930233;future-biased;0;1500000;0;8;0;0;0;0;3;0;0;0;;;;;1;1;0;1;0;1;0;0;0;0;0;0;0;0;1;1;1;1;1;0;0
121;44342.58355;1999;gimnáziumi érettségi;Finance;male;2;3;Nem;inkább jó;good;Megyeszékhely;fõiskola / BA / BSc;inkább jó;good;kollégiumban;kollégiumban;0;0;Not working;0;11000;1;Magyarországon;750000;2;0;1;0;1;0;1;1;0;0;0.784313725;05.ápr;0.980392157;0.8;present-biased;1;750000;0;05.jan;0;0;0;0;8.45;1;0;0;;;;;0;1;0;0;1;1;0;1;1;0;1;1;0;0;1;1;0;0;0;0;1
122;44342.59806;1997;gimnáziumi érettségi;Finance;male;2;4;Nem;nagyon jó;good;Fõváros;fõiskola / BA / BSc;nagyon jó;good;külön saját lakásban;egyéb;1;20;Part time job;500000;230000;0;Magyarországon;1600000;nem tudom;1;1;0;0;0;0;0;0;1;0.784313725;10;0.85106383;0.921568627;present-biased;0;400000;0;02.febr;0;0;0;0;4;0;1;0;;;;;1;1;1;0;0;0;1;0;1;1;1;0;0;0;1;1;0;1;0;0;0
123;44342.60181;1999;gimnáziumi érettségi;Finance;female;2;4;Nem;inkább jó;good;Többi város;fõiskola / BA / BSc;inkább jó;good;szülõkkel (vagy egyik szülõvel) otthon;szülõkkel;0;0;Not working;0;50000;1;Magyarországon;500000;3;0;1;0;1;0;0;0;0;0;0.930232558;10;0.980392157;0.948837209;present-biased;0;1000000;0;3;0;0;0;0;15;0;1;0;;;;;1;1;0;0;0;0;0;0;0;0;0;1;0;0;1;1;0;0;0;0;0
124;44342.80166;1997;gimnáziumi érettségi;Finance;male;2;3;Nem;inkább jó;good;Fõváros;egyetem / MA / MSc;inkább jó;good;szülõkkel (vagy egyik szülõvel) otthon;szülõkkel;0;0;Not working;0;30000;Igen;Magyarországon;700000;2;1;1;0;0;0;0;0;0;1;0.963855422;2;0.963855422;1;time-consistent;0;600000;0;4;0;0;0;1;4.95;1;0;0;;;;;1;0;0;0;0;0;0;1;0;0;0;1;0;0;0;1;0;0;0;0;0
125;44342.83775;1999;gimnáziumi érettségi;Finance;female;5;4;Nem;inkább jó;good;Fõváros;egyetem / MA / MSc;inkább jó;good;szülõkkel (vagy egyik szülõvel) otthon;szülõkkel;0;0;Not working;0;0;0;Magyarországon;450000;nem tudom;0;1;0;1;1;0;1;1;0;0.980392157;0.1;0.980392157;1;time-consistent;0;500000;0;3;0;0;1;1;5;0;0;0;;;;;0;0;0;0;0;0;0;0;0;0;0;0;1;1;0;1;0;0;0;0;0
126;44342.86938;1999;gimnáziumi érettségi;Finance;female;4;3;Nem;nagyon jó;good;Többi város;doktori / PhD;nagyon jó;good;külön saját lakásban;egyéb;1;25;Full time job;124000;50000;0;Magyarországon;500000;3;0;1;1;0;0;0;1;1;0;0.980392157;9;0.930232558;1.053921569;future-biased;0;250000;0;5;0;1;0;0;12;0;1;0;;;;;1;0;1;1;0;0;1;0;0;0;0;0;0;0;1;0;0;0;1;1;0
127;44342.87897;2000;gimnáziumi érettségi;Finance;female;5;4;Nem;nagyon jó;good;Fõváros;egyetem / MA / MSc;nagyon jó;good;szülõkkel (vagy egyik szülõvel) otthon;szülõkkel;1;20;Part time job;86000;50000;1;Magyarországon;500000;2;0;1;1;1;0;0;0;0;0;0.930232558;05.márc;0.980392157;0.948837209;present-biased;0;250000;1;2;0;0;0;0;6;1;0;0;;;;;0;0;0;0;0;0;1;1;1;1;1;1;0;0;0;1;0;0;0;0;1
128;44342.89324;1997;gimnáziumi érettségi;Finance;male;4;4;Nem;nagyon jó;good;Megyeszékhely;fõiskola / BA / BSc;inkább jó;good;külön albérletben;egyéb;1;35;Full time job;300000;150000;1;Magyarországon;10000000;több. mint 3;0;0;1;0;0;0;1;0;1;0.980392157;5;0.980392157;1;time-consistent;0;500000;1;1.99;1;1;0;1;5;0;0;0;;;;;0;0;0;0;0;0;1;0;0;1;1;1;0;0;0;0;0;1;0;0;0
129;44342.89595;1999;gimnáziumi érettségi;Finance;male;4;4;Nem;nagyon jó;good;Fõváros;egyetem / MA / MSc;nagyon jó;good;szülõkkel (vagy egyik szülõvel) otthon;szülõkkel;1;4;Part time job;70000;40000;1;Magyarországon;3000000;2;0;1;0;1;1;1;1;1;1;0.930232558;5;0.930232558;1;time-consistent;0;1000000;1;2;0;1;0;1;5;0;1;0;;;;;0;0;0;0;1;0;0;1;0;0;0;0;0;0;1;0;0;0;0;0;1
130;44342.94951;1998;"szakközépiskolai érettségi; szakképzést követõ érettségi";Finance;male;4;4;Nem;inkább rossz;bad;Többi megyei jogú város;8 általános;inkább rossz;bad;kollégiumban;kollégiumban;0;0;Not working;0;60000;1;Magyarországon;800000;több. mint 3;0;0;0;1;0;1;0;1;0;0.980392157;0.5;0.980392157;1;time-consistent;0;100000;1;2;1;0;0;0;10;1;0;0;;;;;0;0;0;1;0;0;0;0;0;0;0;0;0;0;0;0;0;0;0;0;0
131;44343.49272;1998;gimnáziumi érettségi;Finance;male;3;5;Igen;inkább jó;good;Község. nagyközség;"szakmunkásképzõ; szakképzés érettségi nélkül";inkább jó;good;kollégiumban;kollégiumban;1;37;Full time job;312000;95000;1;Magyarországon;2500000;2;1;1;0;0;0;0;0;1;1;0.85106383;2;0.85106383;1;time-consistent;0;500000;0;0.5;0;0;0;1;09.ápr;0;1;0;;;;;0;0;0;0;0;0;0;0;0;0;0;1;0;0;0;1;0;1;0;0;0
